Client,Total time
supernode-1,2176.26958155632
supernode-2,2145.391321182251
supernode-3,2090.8111822605133
supernode-4,1946.1029994487762
supernode-5,1925.321174621582
