Client,Total time
supernode-1,809.913608789444
supernode-2,773.9503195285797
supernode-3,2734.8666365146637
supernode-4,717.2098820209503
supernode-5,696.1950545310974
