Client,Total time
supernode-1,1059.8020062446594
supernode-2,1065.4244718551636
supernode-3,969.1123807430267
supernode-4,987.7492537498474
supernode-5,967.0872104167938
