Client,Total time
supernode-1,1884.725086927414
supernode-2,1949.8318972587585
supernode-3,2099.136782646179
supernode-4,1958.029282093048
supernode-5,1858.1870455741882
