Client,Total time
supernode-1,1254.1043486595154
supernode-2,1288.9991507530212
supernode-3,1278.3546993732452
supernode-4,1285.314108133316
supernode-5,1226.0864551067352
