Client,Total time
supernode-1,922.8322982788086
supernode-2,971.8678767681122
supernode-3,976.3395121097565
supernode-4,929.2601048946381
supernode-5,892.3039712905884
