Client,Total time
supernode-1,1063.0484547615051
supernode-2,1048.6269454956055
supernode-3,961.0565629005432
supernode-4,991.0345962047577
supernode-5,957.3564653396606
