Client,Total time
supernode-1,1042.0017170906067
supernode-2,1039.6592483520508
supernode-3,939.6852028369904
supernode-4,1089.3084757328033
supernode-5,1117.4732365608215
