Client,Total time
supernode-1,2140.698037147522
supernode-2,2132.1157808303833
supernode-3,1947.911832332611
supernode-4,2256.458830833435
supernode-5,2237.1833069324493
