Client,Total time
supernode-1,1305.1482620239258
supernode-2,1360.1425375938416
supernode-3,1317.5923216342926
supernode-4,1278.0525419712067
supernode-5,1274.782062292099
