Client,Total time
supernode-1,769.0676317214966
supernode-2,760.3147776126862
supernode-3,780.6318922042847
supernode-4,771.8109123706818
supernode-5,687.270708322525
