Client,Total time
supernode-1,1243.4251692295074
supernode-2,1285.0764150619507
supernode-3,1339.0736730098724
supernode-4,1328.0606272220612
supernode-5,1296.8343315124512
