Client,Total time
supernode-1,1268.899184703827
supernode-2,1275.9795835018158
supernode-3,1291.1939511299133
supernode-4,1350.016239643097
supernode-5,1269.7280044555664
