Client,Total time
supernode-1,1148.7412595748901
supernode-2,1165.8028230667114
supernode-3,1130.7132186889648
supernode-4,1034.6528503894806
supernode-5,1198.9699597358704
