Client,Total time
supernode-1,1125.0474593639374
supernode-2,1140.5695016384125
supernode-3,1125.7248299121857
supernode-4,1186.7096853256226
supernode-5,1185.7898244857788
