Client,Total time
supernode-1,1211.1906538009644
supernode-2,1269.019605398178
supernode-3,1236.1719088554382
supernode-4,1247.2264258861542
supernode-5,1201.6518874168396
