Client,Total time
supernode-1,1178.7536854743958
supernode-2,1098.72287774086
supernode-3,1019.4674937725067
supernode-4,1107.8482604026794
supernode-5,1170.9613254070282
