Client,Total time
supernode-1,2079.3994319438934
supernode-2,2098.0705218315125
supernode-3,1974.6079154014587
supernode-4,2109.5447692871094
supernode-5,2034.7914819717407
