Client,Total time
supernode-1,2270.741842508316
supernode-2,2270.871904373169
supernode-3,2157.035585165024
supernode-4,1990.0631794929504
supernode-5,1942.0209121704102
