Client,Total time
supernode-1,458.99753427505493
supernode-2,464.4151997566223
supernode-3,1041.2232975959778
supernode-4,422.9704203605652
supernode-5,422.7590193748474
