Client,Total time
supernode-1,800.0805916786194
supernode-2,799.3277719020844
supernode-3,793.4492180347443
supernode-4,796.7710490226746
supernode-5,721.4657309055328
