Client,Total time
supernode-1,725.1018793582916
supernode-2,743.0857479572296
supernode-3,734.0813145637512
supernode-4,734.3079643249512
supernode-5,673.5320715904236
