Client,Total time
supernode-1,759.7210557460785
supernode-2,768.8528482913971
supernode-3,2632.9887466430664
supernode-4,695.9598526954651
supernode-5,708.4668831825256
