Client,Total time
supernode-1,1930.345945596695
supernode-2,1897.779700756073
supernode-3,2075.5125954151154
supernode-4,1972.7839646339417
supernode-5,2001.9058709144592
