Client,Total time
supernode-1,1277.7347812652588
supernode-2,1365.6338238716125
supernode-3,1347.4239423274994
supernode-4,1252.783386707306
supernode-5,1273.2113888263702
