Client,Total time
supernode-1,1282.8701338768005
supernode-2,1298.2975177764893
supernode-3,1315.6914839744568
supernode-4,1306.3738677501678
supernode-5,1246.8835718631744
