Client,Total time
supernode-1,1309.1657629013062
supernode-2,1247.8106038570404
supernode-3,1256.5382747650146
supernode-4,1251.0748751163483
supernode-5,1210.2646765708923
