Client,Total time
supernode-1,1018.9137263298035
supernode-2,990.9397902488708
supernode-3,943.2403199672699
supernode-4,973.6480915546417
supernode-5,958.8588995933533
