Client,Total time
supernode-1,1272.612048625946
supernode-2,1318.5145661830902
supernode-3,1287.327388048172
supernode-4,1308.7795169353485
supernode-5,1221.4361226558685
