Client,Total time
supernode-1,1268.4380786418915
supernode-2,1274.2284688949585
supernode-3,1298.463250875473
supernode-4,1277.4473671913147
supernode-5,1239.6414663791656
