Client,Total time
supernode-1,1247.2016179561615
supernode-2,1349.8396482467651
supernode-3,1337.443965435028
supernode-4,1325.110852241516
supernode-5,1260.100481748581
