Client,Total time
supernode-1,1190.95161318779
supernode-2,1100.4831738471985
supernode-3,1154.5151860713959
supernode-4,1114.8031704425812
supernode-5,1221.9255352020264
