Client,Total time
supernode-1,743.3411514759064
supernode-2,737.6419970989227
supernode-3,731.7260773181915
supernode-4,741.1387703418732
supernode-5,677.4339172840118
