Client,Total time
supernode-1,826.2907404899597
supernode-2,912.333756685257
supernode-3,958.1471087932587
supernode-4,845.7020375728607
supernode-5,873.758632183075
