Client,Total time
supernode-1,1077.707778453827
supernode-2,1080.0162780284882
supernode-3,953.1813180446625
supernode-4,1113.9706780910492
supernode-5,1141.865868806839
