Client,Total time
supernode-1,995.3646836280823
supernode-2,977.6642270088196
supernode-3,933.1550858020782
supernode-4,975.2896730899811
supernode-5,978.9666376113892
