Client,Total time
supernode-1,468.63454151153564
supernode-2,462.6485061645508
supernode-3,1051.1130270957947
supernode-4,432.39109468460083
supernode-5,417.4238681793213
