Client,Total time
supernode-1,2204.595509290695
supernode-2,2197.460727930069
supernode-3,1968.9137630462646
supernode-4,2241.8529455661774
supernode-5,2293.1290123462677
