Client,Total time
supernode-1,1267.1334986686707
supernode-2,1342.782992362976
supernode-3,1287.6618580818176
supernode-4,1286.6770164966583
supernode-5,1316.9355688095093
